itching,skin_rash,chills,vomiting,fatigue,prognosis,probability
0,0,0,0,0,0,0
0,0,0,0,0,1,0
0,0,0,0,1,0,0
0,0,0,0,1,1,0
0,0,0,1,0,0,0
0,0,0,1,0,1,0
0,0,0,1,1,0,0
0,0,0,1,1,1,0
0,0,1,0,0,0,0
0,0,1,0,0,1,0
0,0,1,0,1,0,0
0,0,1,0,1,1,0
0,0,1,1,0,0,0
0,0,1,1,0,1,0
0,0,1,1,1,0,0
0,0,1,1,1,1,0
0,1,0,0,0,0,0
0,1,0,0,0,1,0
0,1,0,0,1,0,0
0,1,0,0,1,1,0.04545454545
0,1,0,1,0,0,0
0,1,0,1,0,1,0
0,1,0,1,1,0,0
0,1,0,1,1,1,0
0,1,1,0,0,0,0
0,1,1,0,0,1,0
0,1,1,0,1,0,0
0,1,1,0,1,1,0
0,1,1,1,0,0,0
0,1,1,1,0,1,0
0,1,1,1,1,0,0
0,1,1,1,1,1,0
1,0,0,0,0,0,0
1,0,0,0,0,1,0
1,0,0,0,1,0,0
1,0,0,0,1,1,0.04545454545
1,0,0,1,0,0,0
1,0,0,1,0,1,0
1,0,0,1,1,0,0
1,0,0,1,1,1,0
1,0,1,0,0,0,0
1,0,1,0,0,1,0
1,0,1,0,1,0,0
1,0,1,0,1,1,0
1,0,1,1,0,0,0
1,0,1,1,0,1,0
1,0,1,1,1,0,0
1,0,1,1,1,1,0
1,1,0,0,0,0,0
1,1,0,0,0,1,0.04545454545
1,1,0,0,1,0,0
1,1,0,0,1,1,0.8636363636
1,1,0,1,0,0,0
1,1,0,1,0,1,0
1,1,0,1,1,0,0
1,1,0,1,1,1,0
1,1,1,0,0,0,0
1,1,1,0,0,1,0
1,1,1,0,1,0,0
1,1,1,0,1,1,0
1,1,1,1,0,0,0
1,1,1,1,0,1,0
1,1,1,1,1,0,0
1,1,1,1,1,1,0